id,created_at,updated_at,client_id,add_on_rule_id
22,2024-02-09 09:56:34,2024-02-09 09:56:34,40,6
23,2024-02-09 09:56:34,2024-02-09 09:56:34,2,6
24,2024-02-09 09:56:34,2024-02-09 09:56:34,14,6
25,2024-02-09 09:56:34,2024-02-09 09:56:34,13,6
26,2024-02-09 09:56:34,2024-02-09 09:56:34,53,6
27,2024-02-09 09:56:34,2024-02-09 09:56:34,64,6
28,2024-02-09 09:56:34,2024-02-09 09:56:34,11,6
29,2024-02-09 09:56:34,2024-02-09 09:56:34,73,6
30,2024-02-09 09:56:34,2024-02-09 09:56:34,62,6
31,2024-02-09 09:56:34,2024-02-09 09:56:34,35,6
32,2024-02-09 09:56:34,2024-02-09 09:56:34,71,6
33,2024-02-09 09:56:34,2024-02-09 09:56:34,43,6
34,2024-02-09 09:56:34,2024-02-09 09:56:34,27,6
35,2024-02-09 09:56:34,2024-02-09 09:56:34,79,6
36,2024-02-09 09:56:34,2024-02-09 09:56:34,51,6
37,2024-02-09 09:56:34,2024-02-09 09:56:34,32,6
38,2024-02-09 09:56:34,2024-02-09 09:56:34,7,6
39,2024-02-09 09:56:34,2024-02-09 09:56:34,55,6
40,2024-02-09 09:56:34,2024-02-09 09:56:34,80,6
41,2024-02-09 09:56:34,2024-02-09 09:56:34,65,6
42,2024-02-09 09:56:34,2024-02-09 09:56:34,57,6
43,2024-02-09 09:56:34,2024-02-09 09:56:34,54,6
44,2024-02-09 09:56:34,2024-02-09 09:56:34,76,6
45,2024-02-09 09:56:34,2024-02-09 09:56:34,68,6
46,2024-02-09 09:56:34,2024-02-09 09:56:34,25,6
47,2024-02-09 09:56:34,2024-02-09 09:56:34,24,6
48,2024-02-09 09:56:34,2024-02-09 09:56:34,66,6
49,2024-02-09 09:56:34,2024-02-09 09:56:34,18,6
50,2024-02-09 09:56:34,2024-02-09 09:56:34,78,6
51,2024-02-09 09:56:34,2024-02-09 09:56:34,34,6
52,2024-02-09 09:56:34,2024-02-09 09:56:34,20,6
53,2024-02-09 09:56:34,2024-02-09 09:56:34,61,6
54,2024-02-09 09:56:34,2024-02-09 09:56:34,21,6
55,2024-02-09 09:56:34,2024-02-09 09:56:34,49,6
56,2024-02-09 09:56:34,2024-02-09 09:56:34,50,6
57,2024-02-09 09:56:34,2024-02-09 09:56:34,41,6
58,2024-02-09 09:56:34,2024-02-09 09:56:34,38,6
59,2024-02-09 09:56:34,2024-02-09 09:56:34,75,6
60,2024-02-09 09:56:34,2024-02-09 09:56:34,70,6
61,2024-02-09 09:56:34,2024-02-09 09:56:34,36,6
62,2024-02-09 09:56:34,2024-02-09 09:56:34,1,6
63,2024-02-09 09:56:34,2024-02-09 09:56:34,72,6
64,2024-02-09 09:56:34,2024-02-09 09:56:34,6,6
65,2024-02-09 09:56:34,2024-02-09 09:56:34,10,6
66,2024-02-09 09:56:34,2024-02-09 09:56:34,44,6
67,2024-02-09 09:56:34,2024-02-09 09:56:34,74,6
68,2024-02-09 09:56:34,2024-02-09 09:56:34,8,6
69,2024-02-09 09:56:34,2024-02-09 09:56:34,12,6
70,2024-02-09 09:56:34,2024-02-09 09:56:34,81,6
71,2024-02-09 09:56:34,2024-02-09 09:56:34,69,6
72,2024-02-09 09:56:34,2024-02-09 09:56:34,15,6
73,2024-02-09 09:56:34,2024-02-09 09:56:34,46,6
74,2024-02-09 09:56:34,2024-02-09 09:56:34,77,6
75,2024-02-09 09:56:34,2024-02-09 09:56:34,37,6
76,2024-02-09 09:56:34,2024-02-09 09:56:34,23,6
77,2024-02-09 09:56:34,2024-02-09 09:56:34,33,6
78,2024-02-09 09:56:34,2024-02-09 09:56:34,29,6
79,2024-02-09 09:56:34,2024-02-09 09:56:34,42,6
80,2024-02-09 09:56:34,2024-02-09 09:56:34,47,6
81,2024-02-09 09:56:34,2024-02-09 09:56:34,4,6
82,2024-02-09 09:56:34,2024-02-09 09:56:34,31,6
83,2024-02-09 09:56:34,2024-02-09 09:56:34,60,6
84,2024-02-09 09:56:34,2024-02-09 09:56:34,52,6
85,2024-02-13 11:15:33,2024-02-13 11:15:33,40,1
86,2024-02-13 11:15:33,2024-02-13 11:15:33,2,1
87,2024-02-13 11:15:33,2024-02-13 11:15:33,14,1
88,2024-02-13 11:15:33,2024-02-13 11:15:33,13,1
89,2024-02-13 11:15:33,2024-02-13 11:15:33,53,1
90,2024-02-13 11:15:33,2024-02-13 11:15:33,64,1
91,2024-02-13 11:15:33,2024-02-13 11:15:33,11,1
92,2024-02-13 11:15:33,2024-02-13 11:15:33,73,1
93,2024-02-13 11:15:33,2024-02-13 11:15:33,62,1
94,2024-02-13 11:15:33,2024-02-13 11:15:33,35,1
95,2024-02-13 11:15:33,2024-02-13 11:15:33,71,1
96,2024-02-13 11:15:33,2024-02-13 11:15:33,43,1
97,2024-02-13 11:15:33,2024-02-13 11:15:33,27,1
98,2024-02-13 11:15:33,2024-02-13 11:15:33,79,1
99,2024-02-13 11:15:33,2024-02-13 11:15:33,51,1
100,2024-02-13 11:15:33,2024-02-13 11:15:33,32,1
101,2024-02-13 11:15:33,2024-02-13 11:15:33,7,1
102,2024-02-13 11:15:33,2024-02-13 11:15:33,55,1
103,2024-02-13 11:15:33,2024-02-13 11:15:33,80,1
104,2024-02-13 11:15:33,2024-02-13 11:15:33,65,1
105,2024-02-13 11:15:33,2024-02-13 11:15:33,57,1
106,2024-02-13 11:15:33,2024-02-13 11:15:33,54,1
107,2024-02-13 11:15:33,2024-02-13 11:15:33,76,1
108,2024-02-13 11:15:33,2024-02-13 11:15:33,68,1
109,2024-02-13 11:15:33,2024-02-13 11:15:33,25,1
110,2024-02-13 11:15:33,2024-02-13 11:15:33,24,1
111,2024-02-13 11:15:33,2024-02-13 11:15:33,66,1
112,2024-02-13 11:15:33,2024-02-13 11:15:33,18,1
113,2024-02-13 11:15:33,2024-02-13 11:15:33,78,1
114,2024-02-13 11:15:33,2024-02-13 11:15:33,34,1
115,2024-02-13 11:15:33,2024-02-13 11:15:33,20,1
116,2024-02-13 11:15:33,2024-02-13 11:15:33,61,1
117,2024-02-13 11:15:33,2024-02-13 11:15:33,21,1
118,2024-02-13 11:15:33,2024-02-13 11:15:33,49,1
119,2024-02-13 11:15:33,2024-02-13 11:15:33,50,1
120,2024-02-13 11:15:33,2024-02-13 11:15:33,41,1
121,2024-02-13 11:15:33,2024-02-13 11:15:33,38,1
122,2024-02-13 11:15:33,2024-02-13 11:15:33,75,1
123,2024-02-13 11:15:33,2024-02-13 11:15:33,70,1
124,2024-02-13 11:15:33,2024-02-13 11:15:33,36,1
125,2024-02-13 11:15:33,2024-02-13 11:15:33,1,1
126,2024-02-13 11:15:33,2024-02-13 11:15:33,72,1
127,2024-02-13 11:15:33,2024-02-13 11:15:33,6,1
128,2024-02-13 11:15:33,2024-02-13 11:15:33,10,1
129,2024-02-13 11:15:33,2024-02-13 11:15:33,44,1
130,2024-02-13 11:15:33,2024-02-13 11:15:33,74,1
131,2024-02-13 11:15:33,2024-02-13 11:15:33,8,1
132,2024-02-13 11:15:33,2024-02-13 11:15:33,12,1
133,2024-02-13 11:15:33,2024-02-13 11:15:33,81,1
134,2024-02-13 11:15:33,2024-02-13 11:15:33,69,1
135,2024-02-13 11:15:33,2024-02-13 11:15:33,15,1
136,2024-02-13 11:15:33,2024-02-13 11:15:33,46,1
137,2024-02-13 11:15:33,2024-02-13 11:15:33,77,1
138,2024-02-13 11:15:33,2024-02-13 11:15:33,37,1
139,2024-02-13 11:15:33,2024-02-13 11:15:33,23,1
140,2024-02-13 11:15:33,2024-02-13 11:15:33,33,1
141,2024-02-13 11:15:33,2024-02-13 11:15:33,29,1
142,2024-02-13 11:15:33,2024-02-13 11:15:33,42,1
143,2024-02-13 11:15:33,2024-02-13 11:15:33,47,1
144,2024-02-13 11:15:33,2024-02-13 11:15:33,4,1
145,2024-02-13 11:15:33,2024-02-13 11:15:33,31,1
146,2024-02-13 11:15:33,2024-02-13 11:15:33,60,1
147,2024-02-13 11:15:33,2024-02-13 11:15:33,52,1
148,2024-02-13 11:15:37,2024-02-13 11:15:37,40,2
149,2024-02-13 11:15:37,2024-02-13 11:15:37,2,2
150,2024-02-13 11:15:37,2024-02-13 11:15:37,14,2
151,2024-02-13 11:15:37,2024-02-13 11:15:37,13,2
152,2024-02-13 11:15:37,2024-02-13 11:15:37,53,2
153,2024-02-13 11:15:37,2024-02-13 11:15:37,64,2
154,2024-02-13 11:15:37,2024-02-13 11:15:37,11,2
155,2024-02-13 11:15:37,2024-02-13 11:15:37,73,2
156,2024-02-13 11:15:37,2024-02-13 11:15:37,62,2
157,2024-02-13 11:15:37,2024-02-13 11:15:37,35,2
158,2024-02-13 11:15:37,2024-02-13 11:15:37,71,2
159,2024-02-13 11:15:37,2024-02-13 11:15:37,43,2
160,2024-02-13 11:15:37,2024-02-13 11:15:37,27,2
161,2024-02-13 11:15:37,2024-02-13 11:15:37,79,2
162,2024-02-13 11:15:37,2024-02-13 11:15:37,51,2
163,2024-02-13 11:15:37,2024-02-13 11:15:37,32,2
164,2024-02-13 11:15:37,2024-02-13 11:15:37,7,2
165,2024-02-13 11:15:37,2024-02-13 11:15:37,55,2
166,2024-02-13 11:15:37,2024-02-13 11:15:37,80,2
167,2024-02-13 11:15:37,2024-02-13 11:15:37,65,2
168,2024-02-13 11:15:37,2024-02-13 11:15:37,57,2
169,2024-02-13 11:15:37,2024-02-13 11:15:37,54,2
170,2024-02-13 11:15:37,2024-02-13 11:15:37,76,2
171,2024-02-13 11:15:37,2024-02-13 11:15:37,68,2
172,2024-02-13 11:15:37,2024-02-13 11:15:37,25,2
173,2024-02-13 11:15:37,2024-02-13 11:15:37,24,2
174,2024-02-13 11:15:37,2024-02-13 11:15:37,66,2
175,2024-02-13 11:15:37,2024-02-13 11:15:37,18,2
176,2024-02-13 11:15:37,2024-02-13 11:15:37,78,2
177,2024-02-13 11:15:37,2024-02-13 11:15:37,34,2
178,2024-02-13 11:15:37,2024-02-13 11:15:37,20,2
179,2024-02-13 11:15:37,2024-02-13 11:15:37,61,2
180,2024-02-13 11:15:37,2024-02-13 11:15:37,21,2
181,2024-02-13 11:15:37,2024-02-13 11:15:37,49,2
182,2024-02-13 11:15:37,2024-02-13 11:15:37,50,2
183,2024-02-13 11:15:37,2024-02-13 11:15:37,41,2
184,2024-02-13 11:15:37,2024-02-13 11:15:37,38,2
185,2024-02-13 11:15:37,2024-02-13 11:15:37,75,2
186,2024-02-13 11:15:37,2024-02-13 11:15:37,70,2
187,2024-02-13 11:15:37,2024-02-13 11:15:37,36,2
188,2024-02-13 11:15:37,2024-02-13 11:15:37,1,2
189,2024-02-13 11:15:37,2024-02-13 11:15:37,72,2
190,2024-02-13 11:15:37,2024-02-13 11:15:37,6,2
191,2024-02-13 11:15:37,2024-02-13 11:15:37,10,2
192,2024-02-13 11:15:37,2024-02-13 11:15:37,44,2
193,2024-02-13 11:15:37,2024-02-13 11:15:37,74,2
194,2024-02-13 11:15:37,2024-02-13 11:15:37,8,2
195,2024-02-13 11:15:37,2024-02-13 11:15:37,12,2
196,2024-02-13 11:15:37,2024-02-13 11:15:37,81,2
197,2024-02-13 11:15:37,2024-02-13 11:15:37,69,2
198,2024-02-13 11:15:37,2024-02-13 11:15:37,15,2
199,2024-02-13 11:15:37,2024-02-13 11:15:37,46,2
200,2024-02-13 11:15:37,2024-02-13 11:15:37,77,2
201,2024-02-13 11:15:37,2024-02-13 11:15:37,37,2
202,2024-02-13 11:15:37,2024-02-13 11:15:37,23,2
203,2024-02-13 11:15:37,2024-02-13 11:15:37,33,2
204,2024-02-13 11:15:37,2024-02-13 11:15:37,29,2
205,2024-02-13 11:15:37,2024-02-13 11:15:37,42,2
206,2024-02-13 11:15:37,2024-02-13 11:15:37,47,2
207,2024-02-13 11:15:37,2024-02-13 11:15:37,4,2
208,2024-02-13 11:15:37,2024-02-13 11:15:37,31,2
209,2024-02-13 11:15:37,2024-02-13 11:15:37,60,2
210,2024-02-13 11:15:37,2024-02-13 11:15:37,52,2
211,2024-02-13 11:15:41,2024-02-13 11:15:41,40,3
212,2024-02-13 11:15:41,2024-02-13 11:15:41,2,3
213,2024-02-13 11:15:41,2024-02-13 11:15:41,14,3
214,2024-02-13 11:15:41,2024-02-13 11:15:41,13,3
215,2024-02-13 11:15:41,2024-02-13 11:15:41,53,3
216,2024-02-13 11:15:41,2024-02-13 11:15:41,64,3
217,2024-02-13 11:15:41,2024-02-13 11:15:41,11,3
218,2024-02-13 11:15:41,2024-02-13 11:15:41,73,3
219,2024-02-13 11:15:41,2024-02-13 11:15:41,62,3
220,2024-02-13 11:15:41,2024-02-13 11:15:41,35,3
221,2024-02-13 11:15:41,2024-02-13 11:15:41,71,3
222,2024-02-13 11:15:41,2024-02-13 11:15:41,43,3
223,2024-02-13 11:15:41,2024-02-13 11:15:41,27,3
224,2024-02-13 11:15:41,2024-02-13 11:15:41,79,3
225,2024-02-13 11:15:41,2024-02-13 11:15:41,51,3
226,2024-02-13 11:15:41,2024-02-13 11:15:41,32,3
227,2024-02-13 11:15:41,2024-02-13 11:15:41,7,3
228,2024-02-13 11:15:41,2024-02-13 11:15:41,55,3
229,2024-02-13 11:15:41,2024-02-13 11:15:41,80,3
230,2024-02-13 11:15:41,2024-02-13 11:15:41,65,3
231,2024-02-13 11:15:41,2024-02-13 11:15:41,57,3
232,2024-02-13 11:15:41,2024-02-13 11:15:41,54,3
233,2024-02-13 11:15:41,2024-02-13 11:15:41,76,3
234,2024-02-13 11:15:41,2024-02-13 11:15:41,68,3
235,2024-02-13 11:15:41,2024-02-13 11:15:41,25,3
236,2024-02-13 11:15:41,2024-02-13 11:15:41,24,3
237,2024-02-13 11:15:41,2024-02-13 11:15:41,66,3
238,2024-02-13 11:15:41,2024-02-13 11:15:41,18,3
239,2024-02-13 11:15:41,2024-02-13 11:15:41,78,3
240,2024-02-13 11:15:41,2024-02-13 11:15:41,34,3
241,2024-02-13 11:15:41,2024-02-13 11:15:41,20,3
242,2024-02-13 11:15:41,2024-02-13 11:15:41,61,3
243,2024-02-13 11:15:41,2024-02-13 11:15:41,21,3
244,2024-02-13 11:15:41,2024-02-13 11:15:41,49,3
245,2024-02-13 11:15:41,2024-02-13 11:15:41,50,3
246,2024-02-13 11:15:41,2024-02-13 11:15:41,41,3
247,2024-02-13 11:15:41,2024-02-13 11:15:41,38,3
248,2024-02-13 11:15:41,2024-02-13 11:15:41,75,3
249,2024-02-13 11:15:41,2024-02-13 11:15:41,70,3
250,2024-02-13 11:15:41,2024-02-13 11:15:41,36,3
251,2024-02-13 11:15:41,2024-02-13 11:15:41,1,3
252,2024-02-13 11:15:41,2024-02-13 11:15:41,72,3
253,2024-02-13 11:15:41,2024-02-13 11:15:41,6,3
254,2024-02-13 11:15:41,2024-02-13 11:15:41,10,3
255,2024-02-13 11:15:41,2024-02-13 11:15:41,44,3
256,2024-02-13 11:15:41,2024-02-13 11:15:41,74,3
257,2024-02-13 11:15:41,2024-02-13 11:15:41,8,3
258,2024-02-13 11:15:41,2024-02-13 11:15:41,12,3
259,2024-02-13 11:15:41,2024-02-13 11:15:41,81,3
260,2024-02-13 11:15:41,2024-02-13 11:15:41,69,3
261,2024-02-13 11:15:41,2024-02-13 11:15:41,15,3
262,2024-02-13 11:15:41,2024-02-13 11:15:41,46,3
263,2024-02-13 11:15:41,2024-02-13 11:15:41,77,3
264,2024-02-13 11:15:41,2024-02-13 11:15:41,37,3
265,2024-02-13 11:15:41,2024-02-13 11:15:41,23,3
266,2024-02-13 11:15:41,2024-02-13 11:15:41,33,3
267,2024-02-13 11:15:41,2024-02-13 11:15:41,29,3
268,2024-02-13 11:15:41,2024-02-13 11:15:41,42,3
269,2024-02-13 11:15:41,2024-02-13 11:15:41,47,3
270,2024-02-13 11:15:41,2024-02-13 11:15:41,4,3
271,2024-02-13 11:15:41,2024-02-13 11:15:41,31,3
272,2024-02-13 11:15:41,2024-02-13 11:15:41,60,3
273,2024-02-13 11:15:41,2024-02-13 11:15:41,52,3
274,2024-02-13 11:15:44,2024-02-13 11:15:44,40,4
275,2024-02-13 11:15:44,2024-02-13 11:15:44,2,4
276,2024-02-13 11:15:44,2024-02-13 11:15:44,14,4
277,2024-02-13 11:15:44,2024-02-13 11:15:44,13,4
278,2024-02-13 11:15:44,2024-02-13 11:15:44,53,4
279,2024-02-13 11:15:44,2024-02-13 11:15:44,64,4
280,2024-02-13 11:15:44,2024-02-13 11:15:44,11,4
281,2024-02-13 11:15:44,2024-02-13 11:15:44,73,4
282,2024-02-13 11:15:44,2024-02-13 11:15:44,62,4
283,2024-02-13 11:15:44,2024-02-13 11:15:44,35,4
284,2024-02-13 11:15:44,2024-02-13 11:15:44,71,4
285,2024-02-13 11:15:44,2024-02-13 11:15:44,43,4
286,2024-02-13 11:15:44,2024-02-13 11:15:44,27,4
287,2024-02-13 11:15:44,2024-02-13 11:15:44,79,4
288,2024-02-13 11:15:44,2024-02-13 11:15:44,51,4
289,2024-02-13 11:15:44,2024-02-13 11:15:44,32,4
290,2024-02-13 11:15:44,2024-02-13 11:15:44,7,4
291,2024-02-13 11:15:44,2024-02-13 11:15:44,55,4
292,2024-02-13 11:15:44,2024-02-13 11:15:44,80,4
293,2024-02-13 11:15:44,2024-02-13 11:15:44,65,4
294,2024-02-13 11:15:44,2024-02-13 11:15:44,57,4
295,2024-02-13 11:15:44,2024-02-13 11:15:44,54,4
296,2024-02-13 11:15:44,2024-02-13 11:15:44,76,4
297,2024-02-13 11:15:44,2024-02-13 11:15:44,68,4
298,2024-02-13 11:15:44,2024-02-13 11:15:44,25,4
299,2024-02-13 11:15:44,2024-02-13 11:15:44,24,4
300,2024-02-13 11:15:44,2024-02-13 11:15:44,66,4
301,2024-02-13 11:15:44,2024-02-13 11:15:44,18,4
302,2024-02-13 11:15:44,2024-02-13 11:15:44,78,4
303,2024-02-13 11:15:44,2024-02-13 11:15:44,34,4
304,2024-02-13 11:15:44,2024-02-13 11:15:44,20,4
305,2024-02-13 11:15:44,2024-02-13 11:15:44,61,4
306,2024-02-13 11:15:44,2024-02-13 11:15:44,21,4
307,2024-02-13 11:15:44,2024-02-13 11:15:44,49,4
308,2024-02-13 11:15:44,2024-02-13 11:15:44,50,4
309,2024-02-13 11:15:44,2024-02-13 11:15:44,41,4
310,2024-02-13 11:15:44,2024-02-13 11:15:44,38,4
311,2024-02-13 11:15:44,2024-02-13 11:15:44,75,4
312,2024-02-13 11:15:44,2024-02-13 11:15:44,70,4
313,2024-02-13 11:15:44,2024-02-13 11:15:44,36,4
314,2024-02-13 11:15:44,2024-02-13 11:15:44,1,4
315,2024-02-13 11:15:44,2024-02-13 11:15:44,72,4
316,2024-02-13 11:15:44,2024-02-13 11:15:44,6,4
317,2024-02-13 11:15:44,2024-02-13 11:15:44,10,4
318,2024-02-13 11:15:44,2024-02-13 11:15:44,44,4
319,2024-02-13 11:15:44,2024-02-13 11:15:44,74,4
320,2024-02-13 11:15:44,2024-02-13 11:15:44,8,4
321,2024-02-13 11:15:44,2024-02-13 11:15:44,12,4
322,2024-02-13 11:15:44,2024-02-13 11:15:44,81,4
323,2024-02-13 11:15:44,2024-02-13 11:15:44,69,4
324,2024-02-13 11:15:44,2024-02-13 11:15:44,15,4
325,2024-02-13 11:15:44,2024-02-13 11:15:44,46,4
326,2024-02-13 11:15:44,2024-02-13 11:15:44,77,4
327,2024-02-13 11:15:44,2024-02-13 11:15:44,37,4
328,2024-02-13 11:15:44,2024-02-13 11:15:44,23,4
329,2024-02-13 11:15:44,2024-02-13 11:15:44,33,4
330,2024-02-13 11:15:44,2024-02-13 11:15:44,29,4
331,2024-02-13 11:15:44,2024-02-13 11:15:44,42,4
332,2024-02-13 11:15:44,2024-02-13 11:15:44,47,4
333,2024-02-13 11:15:44,2024-02-13 11:15:44,4,4
334,2024-02-13 11:15:44,2024-02-13 11:15:44,31,4
335,2024-02-13 11:15:44,2024-02-13 11:15:44,60,4
336,2024-02-13 11:15:44,2024-02-13 11:15:44,52,4
