client_id,created_at,id,package_type_id,updated_at
40,2024-09-09 13:54:26,475,5,2024-09-09 13:54:26
2,2024-09-09 13:54:26,476,5,2024-09-09 13:54:26
54,2024-09-09 13:54:26,477,5,2024-09-09 13:54:26
50,2024-09-09 13:54:26,478,5,2024-09-09 13:54:26
38,2024-09-09 13:54:26,479,5,2024-09-09 13:54:26
1,2024-09-09 13:54:26,480,5,2024-09-09 13:54:26
4,2024-09-09 13:54:26,481,5,2024-09-09 13:54:26
31,2024-09-09 13:54:26,482,5,2024-09-09 13:54:26
11,2024-09-09 14:27:41,958,8,2024-09-09 14:27:41
73,2024-09-09 14:27:41,959,8,2024-09-09 14:27:41
35,2024-09-09 14:27:41,960,8,2024-09-09 14:27:41
71,2024-09-09 14:27:41,961,8,2024-09-09 14:27:41
51,2024-09-09 14:27:41,962,8,2024-09-09 14:27:41
32,2024-09-09 14:27:41,963,8,2024-09-09 14:27:41
7,2024-09-09 14:27:41,964,8,2024-09-09 14:27:41
55,2024-09-09 14:27:41,965,8,2024-09-09 14:27:41
80,2024-09-09 14:27:41,966,8,2024-09-09 14:27:41
65,2024-09-09 14:27:41,967,8,2024-09-09 14:27:41
57,2024-09-09 14:27:41,968,8,2024-09-09 14:27:41
76,2024-09-09 14:27:41,969,8,2024-09-09 14:27:41
68,2024-09-09 14:27:41,970,8,2024-09-09 14:27:41
66,2024-09-09 14:27:41,971,8,2024-09-09 14:27:41
21,2024-09-09 14:27:41,972,8,2024-09-09 14:27:41
41,2024-09-09 14:27:41,973,8,2024-09-09 14:27:41
70,2024-09-09 14:27:41,974,8,2024-09-09 14:27:41
36,2024-09-09 14:27:41,975,8,2024-09-09 14:27:41
1,2024-09-09 14:27:41,976,8,2024-09-09 14:27:41
6,2024-09-09 14:27:41,977,8,2024-09-09 14:27:41
8,2024-09-09 14:27:41,978,8,2024-09-09 14:27:41
37,2024-09-09 14:27:41,979,8,2024-09-09 14:27:41
15,2024-09-09 14:27:41,980,8,2024-09-09 14:27:41
46,2024-09-09 14:27:41,981,8,2024-09-09 14:27:41
77,2024-09-09 14:27:41,982,8,2024-09-09 14:27:41
23,2024-09-09 14:27:41,983,8,2024-09-09 14:27:41
29,2024-09-09 14:27:41,984,8,2024-09-09 14:27:41
47,2024-09-09 14:27:41,985,8,2024-09-09 14:27:41
60,2024-09-09 14:27:41,986,8,2024-09-09 14:27:41
52,2024-09-09 14:27:41,987,8,2024-09-09 14:27:41
40,2024-09-09 14:28:44,988,13,2024-09-09 14:28:44
2,2024-09-09 14:28:44,989,13,2024-09-09 14:28:44
13,2024-09-09 14:28:44,990,13,2024-09-09 14:28:44
43,2024-09-09 14:28:44,991,13,2024-09-09 14:28:44
7,2024-09-09 14:28:44,992,13,2024-09-09 14:28:44
54,2024-09-09 14:28:44,993,13,2024-09-09 14:28:44
50,2024-09-09 14:28:44,994,13,2024-09-09 14:28:44
38,2024-09-09 14:28:44,995,13,2024-09-09 14:28:44
1,2024-09-09 14:28:44,996,13,2024-09-09 14:28:44
44,2024-09-09 14:28:44,997,13,2024-09-09 14:28:44
4,2024-09-09 14:28:44,998,13,2024-09-09 14:28:44
40,2024-09-09 14:29:56,1026,15,2024-09-09 14:29:56
2,2024-09-09 14:29:56,1027,15,2024-09-09 14:29:56
13,2024-09-09 14:29:56,1028,15,2024-09-09 14:29:56
11,2024-09-09 14:29:56,1029,15,2024-09-09 14:29:56
62,2024-09-09 14:29:56,1030,15,2024-09-09 14:29:56
43,2024-09-09 14:29:56,1031,15,2024-09-09 14:29:56
27,2024-09-09 14:29:56,1032,15,2024-09-09 14:29:56
79,2024-09-09 14:29:56,1033,15,2024-09-09 14:29:56
54,2024-09-09 14:29:56,1034,15,2024-09-09 14:29:56
18,2024-09-09 14:29:56,1035,15,2024-09-09 14:29:56
50,2024-09-09 14:29:56,1036,15,2024-09-09 14:29:56
1,2024-09-09 14:29:56,1037,15,2024-09-09 14:29:56
44,2024-09-09 14:29:56,1038,15,2024-09-09 14:29:56
77,2024-09-09 14:29:56,1039,15,2024-09-09 14:29:56
42,2024-09-09 14:29:56,1040,15,2024-09-09 14:29:56
4,2024-09-09 14:29:56,1041,15,2024-09-09 14:29:56
31,2024-09-09 14:29:56,1042,15,2024-09-09 14:29:56
1,2024-09-10 15:54:08,1079,19,2024-09-10 15:54:08
47,2024-09-10 15:54:08,1080,19,2024-09-10 15:54:08
1,2024-09-10 15:54:19,1081,18,2024-09-10 15:54:19
47,2024-09-10 15:54:19,1082,18,2024-09-10 15:54:19
40,2024-09-10 15:55:13,1083,14,2024-09-10 15:55:13
2,2024-09-10 15:55:13,1084,14,2024-09-10 15:55:13
13,2024-09-10 15:55:13,1085,14,2024-09-10 15:55:13
11,2024-09-10 15:55:13,1086,14,2024-09-10 15:55:13
62,2024-09-10 15:55:13,1087,14,2024-09-10 15:55:13
43,2024-09-10 15:55:13,1088,14,2024-09-10 15:55:13
27,2024-09-10 15:55:13,1089,14,2024-09-10 15:55:13
79,2024-09-10 15:55:13,1090,14,2024-09-10 15:55:13
54,2024-09-10 15:55:13,1091,14,2024-09-10 15:55:13
18,2024-09-10 15:55:13,1092,14,2024-09-10 15:55:13
50,2024-09-10 15:55:13,1093,14,2024-09-10 15:55:13
1,2024-09-10 15:55:13,1094,14,2024-09-10 15:55:13
44,2024-09-10 15:55:13,1095,14,2024-09-10 15:55:13
77,2024-09-10 15:55:13,1096,14,2024-09-10 15:55:13
42,2024-09-10 15:55:13,1097,14,2024-09-10 15:55:13
4,2024-09-10 15:55:13,1098,14,2024-09-10 15:55:13
31,2024-09-10 15:55:13,1099,14,2024-09-10 15:55:13
40,2024-09-14 08:15:10,1246,9,2024-09-14 08:15:10
2,2024-09-14 08:15:10,1247,9,2024-09-14 08:15:10
13,2024-09-14 08:15:10,1248,9,2024-09-14 08:15:10
43,2024-09-14 08:15:10,1249,9,2024-09-14 08:15:10
7,2024-09-14 08:15:10,1250,9,2024-09-14 08:15:10
54,2024-09-14 08:15:10,1251,9,2024-09-14 08:15:10
25,2024-09-14 08:15:10,1252,9,2024-09-14 08:15:10
50,2024-09-14 08:15:10,1253,9,2024-09-14 08:15:10
38,2024-09-14 08:15:10,1254,9,2024-09-14 08:15:10
1,2024-09-14 08:15:10,1255,9,2024-09-14 08:15:10
44,2024-09-14 08:15:10,1256,9,2024-09-14 08:15:10
4,2024-09-14 08:15:10,1257,9,2024-09-14 08:15:10
31,2024-09-14 08:15:10,1258,9,2024-09-14 08:15:10
1,2024-09-14 08:29:59,1259,12,2024-09-14 08:29:59
11,2024-09-15 14:02:56,1260,6,2024-09-15 14:02:56
73,2024-09-15 14:02:56,1261,6,2024-09-15 14:02:56
35,2024-09-15 14:02:56,1262,6,2024-09-15 14:02:56
71,2024-09-15 14:02:56,1263,6,2024-09-15 14:02:56
51,2024-09-15 14:02:56,1264,6,2024-09-15 14:02:56
32,2024-09-15 14:02:56,1265,6,2024-09-15 14:02:56
7,2024-09-15 14:02:56,1266,6,2024-09-15 14:02:56
55,2024-09-15 14:02:56,1267,6,2024-09-15 14:02:56
80,2024-09-15 14:02:56,1268,6,2024-09-15 14:02:56
65,2024-09-15 14:02:56,1269,6,2024-09-15 14:02:56
57,2024-09-15 14:02:56,1270,6,2024-09-15 14:02:56
76,2024-09-15 14:02:56,1271,6,2024-09-15 14:02:56
68,2024-09-15 14:02:56,1272,6,2024-09-15 14:02:56
66,2024-09-15 14:02:56,1273,6,2024-09-15 14:02:56
21,2024-09-15 14:02:56,1274,6,2024-09-15 14:02:56
41,2024-09-15 14:02:56,1275,6,2024-09-15 14:02:56
70,2024-09-15 14:02:56,1276,6,2024-09-15 14:02:56
36,2024-09-15 14:02:56,1277,6,2024-09-15 14:02:56
1,2024-09-15 14:02:56,1278,6,2024-09-15 14:02:56
6,2024-09-15 14:02:56,1279,6,2024-09-15 14:02:56
8,2024-09-15 14:02:56,1280,6,2024-09-15 14:02:56
37,2024-09-15 14:02:56,1281,6,2024-09-15 14:02:56
15,2024-09-15 14:02:56,1282,6,2024-09-15 14:02:56
46,2024-09-15 14:02:56,1283,6,2024-09-15 14:02:56
77,2024-09-15 14:02:56,1284,6,2024-09-15 14:02:56
23,2024-09-15 14:02:56,1285,6,2024-09-15 14:02:56
29,2024-09-15 14:02:56,1286,6,2024-09-15 14:02:56
47,2024-09-15 14:02:56,1287,6,2024-09-15 14:02:56
60,2024-09-15 14:02:56,1288,6,2024-09-15 14:02:56
52,2024-09-15 14:02:56,1289,6,2024-09-15 14:02:56
14,2024-09-17 07:36:25,1290,17,2024-09-17 07:36:25
53,2024-09-17 07:36:25,1291,17,2024-09-17 07:36:25
64,2024-09-17 07:36:25,1292,17,2024-09-17 07:36:25
11,2024-09-17 07:36:25,1293,17,2024-09-17 07:36:25
73,2024-09-17 07:36:25,1294,17,2024-09-17 07:36:25
62,2024-09-17 07:36:25,1295,17,2024-09-17 07:36:25
35,2024-09-17 07:36:25,1296,17,2024-09-17 07:36:25
71,2024-09-17 07:36:25,1297,17,2024-09-17 07:36:25
27,2024-09-17 07:36:25,1298,17,2024-09-17 07:36:25
79,2024-09-17 07:36:25,1299,17,2024-09-17 07:36:25
51,2024-09-17 07:36:25,1300,17,2024-09-17 07:36:25
32,2024-09-17 07:36:25,1301,17,2024-09-17 07:36:25
7,2024-09-17 07:36:25,1302,17,2024-09-17 07:36:25
55,2024-09-17 07:36:25,1303,17,2024-09-17 07:36:25
80,2024-09-17 07:36:25,1304,17,2024-09-17 07:36:25
65,2024-09-17 07:36:25,1305,17,2024-09-17 07:36:25
57,2024-09-17 07:36:25,1306,17,2024-09-17 07:36:25
76,2024-09-17 07:36:25,1307,17,2024-09-17 07:36:25
68,2024-09-17 07:36:25,1308,17,2024-09-17 07:36:25
25,2024-09-17 07:36:25,1309,17,2024-09-17 07:36:25
24,2024-09-17 07:36:25,1310,17,2024-09-17 07:36:25
66,2024-09-17 07:36:25,1311,17,2024-09-17 07:36:25
18,2024-09-17 07:36:25,1312,17,2024-09-17 07:36:25
78,2024-09-17 07:36:25,1313,17,2024-09-17 07:36:25
34,2024-09-17 07:36:25,1314,17,2024-09-17 07:36:25
20,2024-09-17 07:36:25,1315,17,2024-09-17 07:36:25
61,2024-09-17 07:36:25,1316,17,2024-09-17 07:36:25
21,2024-09-17 07:36:25,1317,17,2024-09-17 07:36:25
49,2024-09-17 07:36:25,1318,17,2024-09-17 07:36:25
41,2024-09-17 07:36:25,1319,17,2024-09-17 07:36:25
75,2024-09-17 07:36:25,1320,17,2024-09-17 07:36:25
70,2024-09-17 07:36:25,1321,17,2024-09-17 07:36:25
36,2024-09-17 07:36:25,1322,17,2024-09-17 07:36:25
1,2024-09-17 07:36:25,1323,17,2024-09-17 07:36:25
72,2024-09-17 07:36:25,1324,17,2024-09-17 07:36:25
6,2024-09-17 07:36:25,1325,17,2024-09-17 07:36:25
10,2024-09-17 07:36:25,1326,17,2024-09-17 07:36:25
74,2024-09-17 07:36:25,1327,17,2024-09-17 07:36:25
8,2024-09-17 07:36:25,1328,17,2024-09-17 07:36:25
37,2024-09-17 07:36:25,1329,17,2024-09-17 07:36:25
12,2024-09-17 07:36:25,1330,17,2024-09-17 07:36:25
81,2024-09-17 07:36:25,1331,17,2024-09-17 07:36:25
69,2024-09-17 07:36:25,1332,17,2024-09-17 07:36:25
15,2024-09-17 07:36:25,1333,17,2024-09-17 07:36:25
46,2024-09-17 07:36:25,1334,17,2024-09-17 07:36:25
77,2024-09-17 07:36:25,1335,17,2024-09-17 07:36:25
23,2024-09-17 07:36:25,1336,17,2024-09-17 07:36:25
33,2024-09-17 07:36:25,1337,17,2024-09-17 07:36:25
29,2024-09-17 07:36:25,1338,17,2024-09-17 07:36:25
42,2024-09-17 07:36:25,1339,17,2024-09-17 07:36:25
47,2024-09-17 07:36:25,1340,17,2024-09-17 07:36:25
60,2024-09-17 07:36:25,1341,17,2024-09-17 07:36:25
52,2024-09-17 07:36:25,1342,17,2024-09-17 07:36:25
