id,created_at,updated_at,client_id,package_type_id
475,2024-09-09 13:54:26,2024-09-09 13:54:26,40,5
476,2024-09-09 13:54:26,2024-09-09 13:54:26,2,5
477,2024-09-09 13:54:26,2024-09-09 13:54:26,54,5
478,2024-09-09 13:54:26,2024-09-09 13:54:26,50,5
479,2024-09-09 13:54:26,2024-09-09 13:54:26,38,5
480,2024-09-09 13:54:26,2024-09-09 13:54:26,1,5
481,2024-09-09 13:54:26,2024-09-09 13:54:26,4,5
482,2024-09-09 13:54:26,2024-09-09 13:54:26,31,5
958,2024-09-09 14:27:41,2024-09-09 14:27:41,11,8
959,2024-09-09 14:27:41,2024-09-09 14:27:41,73,8
960,2024-09-09 14:27:41,2024-09-09 14:27:41,35,8
961,2024-09-09 14:27:41,2024-09-09 14:27:41,71,8
962,2024-09-09 14:27:41,2024-09-09 14:27:41,51,8
963,2024-09-09 14:27:41,2024-09-09 14:27:41,32,8
964,2024-09-09 14:27:41,2024-09-09 14:27:41,7,8
965,2024-09-09 14:27:41,2024-09-09 14:27:41,55,8
966,2024-09-09 14:27:41,2024-09-09 14:27:41,80,8
967,2024-09-09 14:27:41,2024-09-09 14:27:41,65,8
968,2024-09-09 14:27:41,2024-09-09 14:27:41,57,8
969,2024-09-09 14:27:41,2024-09-09 14:27:41,76,8
970,2024-09-09 14:27:41,2024-09-09 14:27:41,68,8
971,2024-09-09 14:27:41,2024-09-09 14:27:41,66,8
972,2024-09-09 14:27:41,2024-09-09 14:27:41,21,8
973,2024-09-09 14:27:41,2024-09-09 14:27:41,41,8
974,2024-09-09 14:27:41,2024-09-09 14:27:41,70,8
975,2024-09-09 14:27:41,2024-09-09 14:27:41,36,8
976,2024-09-09 14:27:41,2024-09-09 14:27:41,1,8
977,2024-09-09 14:27:41,2024-09-09 14:27:41,6,8
978,2024-09-09 14:27:41,2024-09-09 14:27:41,8,8
979,2024-09-09 14:27:41,2024-09-09 14:27:41,37,8
980,2024-09-09 14:27:41,2024-09-09 14:27:41,15,8
981,2024-09-09 14:27:41,2024-09-09 14:27:41,46,8
982,2024-09-09 14:27:41,2024-09-09 14:27:41,77,8
983,2024-09-09 14:27:41,2024-09-09 14:27:41,23,8
984,2024-09-09 14:27:41,2024-09-09 14:27:41,29,8
985,2024-09-09 14:27:41,2024-09-09 14:27:41,47,8
986,2024-09-09 14:27:41,2024-09-09 14:27:41,60,8
987,2024-09-09 14:27:41,2024-09-09 14:27:41,52,8
988,2024-09-09 14:28:44,2024-09-09 14:28:44,40,13
989,2024-09-09 14:28:44,2024-09-09 14:28:44,2,13
990,2024-09-09 14:28:44,2024-09-09 14:28:44,13,13
991,2024-09-09 14:28:44,2024-09-09 14:28:44,43,13
992,2024-09-09 14:28:44,2024-09-09 14:28:44,7,13
993,2024-09-09 14:28:44,2024-09-09 14:28:44,54,13
994,2024-09-09 14:28:44,2024-09-09 14:28:44,50,13
995,2024-09-09 14:28:44,2024-09-09 14:28:44,38,13
996,2024-09-09 14:28:44,2024-09-09 14:28:44,1,13
997,2024-09-09 14:28:44,2024-09-09 14:28:44,44,13
998,2024-09-09 14:28:44,2024-09-09 14:28:44,4,13
1026,2024-09-09 14:29:56,2024-09-09 14:29:56,40,15
1027,2024-09-09 14:29:56,2024-09-09 14:29:56,2,15
1028,2024-09-09 14:29:56,2024-09-09 14:29:56,13,15
1029,2024-09-09 14:29:56,2024-09-09 14:29:56,11,15
1030,2024-09-09 14:29:56,2024-09-09 14:29:56,62,15
1031,2024-09-09 14:29:56,2024-09-09 14:29:56,43,15
1032,2024-09-09 14:29:56,2024-09-09 14:29:56,27,15
1033,2024-09-09 14:29:56,2024-09-09 14:29:56,79,15
1034,2024-09-09 14:29:56,2024-09-09 14:29:56,54,15
1035,2024-09-09 14:29:56,2024-09-09 14:29:56,18,15
1036,2024-09-09 14:29:56,2024-09-09 14:29:56,50,15
1037,2024-09-09 14:29:56,2024-09-09 14:29:56,1,15
1038,2024-09-09 14:29:56,2024-09-09 14:29:56,44,15
1039,2024-09-09 14:29:56,2024-09-09 14:29:56,77,15
1040,2024-09-09 14:29:56,2024-09-09 14:29:56,42,15
1041,2024-09-09 14:29:56,2024-09-09 14:29:56,4,15
1042,2024-09-09 14:29:56,2024-09-09 14:29:56,31,15
1079,2024-09-10 15:54:08,2024-09-10 15:54:08,1,19
1080,2024-09-10 15:54:08,2024-09-10 15:54:08,47,19
1081,2024-09-10 15:54:19,2024-09-10 15:54:19,1,18
1082,2024-09-10 15:54:19,2024-09-10 15:54:19,47,18
1083,2024-09-10 15:55:13,2024-09-10 15:55:13,40,14
1084,2024-09-10 15:55:13,2024-09-10 15:55:13,2,14
1085,2024-09-10 15:55:13,2024-09-10 15:55:13,13,14
1086,2024-09-10 15:55:13,2024-09-10 15:55:13,11,14
1087,2024-09-10 15:55:13,2024-09-10 15:55:13,62,14
1088,2024-09-10 15:55:13,2024-09-10 15:55:13,43,14
1089,2024-09-10 15:55:13,2024-09-10 15:55:13,27,14
1090,2024-09-10 15:55:13,2024-09-10 15:55:13,79,14
1091,2024-09-10 15:55:13,2024-09-10 15:55:13,54,14
1092,2024-09-10 15:55:13,2024-09-10 15:55:13,18,14
1093,2024-09-10 15:55:13,2024-09-10 15:55:13,50,14
1094,2024-09-10 15:55:13,2024-09-10 15:55:13,1,14
1095,2024-09-10 15:55:13,2024-09-10 15:55:13,44,14
1096,2024-09-10 15:55:13,2024-09-10 15:55:13,77,14
1097,2024-09-10 15:55:13,2024-09-10 15:55:13,42,14
1098,2024-09-10 15:55:13,2024-09-10 15:55:13,4,14
1099,2024-09-10 15:55:13,2024-09-10 15:55:13,31,14
1246,2024-09-14 08:15:10,2024-09-14 08:15:10,40,9
1247,2024-09-14 08:15:10,2024-09-14 08:15:10,2,9
1248,2024-09-14 08:15:10,2024-09-14 08:15:10,13,9
1249,2024-09-14 08:15:10,2024-09-14 08:15:10,43,9
1250,2024-09-14 08:15:10,2024-09-14 08:15:10,7,9
1251,2024-09-14 08:15:10,2024-09-14 08:15:10,54,9
1252,2024-09-14 08:15:10,2024-09-14 08:15:10,25,9
1253,2024-09-14 08:15:10,2024-09-14 08:15:10,50,9
1254,2024-09-14 08:15:10,2024-09-14 08:15:10,38,9
1255,2024-09-14 08:15:10,2024-09-14 08:15:10,1,9
1256,2024-09-14 08:15:10,2024-09-14 08:15:10,44,9
1257,2024-09-14 08:15:10,2024-09-14 08:15:10,4,9
1258,2024-09-14 08:15:10,2024-09-14 08:15:10,31,9
1290,2024-09-17 07:36:25,2024-09-17 07:36:25,14,17
1291,2024-09-17 07:36:25,2024-09-17 07:36:25,53,17
1292,2024-09-17 07:36:25,2024-09-17 07:36:25,64,17
1293,2024-09-17 07:36:25,2024-09-17 07:36:25,11,17
1294,2024-09-17 07:36:25,2024-09-17 07:36:25,73,17
1295,2024-09-17 07:36:25,2024-09-17 07:36:25,62,17
1296,2024-09-17 07:36:25,2024-09-17 07:36:25,35,17
1297,2024-09-17 07:36:25,2024-09-17 07:36:25,71,17
1298,2024-09-17 07:36:25,2024-09-17 07:36:25,27,17
1299,2024-09-17 07:36:25,2024-09-17 07:36:25,79,17
1300,2024-09-17 07:36:25,2024-09-17 07:36:25,51,17
1301,2024-09-17 07:36:25,2024-09-17 07:36:25,32,17
1302,2024-09-17 07:36:25,2024-09-17 07:36:25,7,17
1303,2024-09-17 07:36:25,2024-09-17 07:36:25,55,17
1304,2024-09-17 07:36:25,2024-09-17 07:36:25,80,17
1305,2024-09-17 07:36:25,2024-09-17 07:36:25,65,17
1306,2024-09-17 07:36:25,2024-09-17 07:36:25,57,17
1307,2024-09-17 07:36:25,2024-09-17 07:36:25,76,17
1308,2024-09-17 07:36:25,2024-09-17 07:36:25,68,17
1309,2024-09-17 07:36:25,2024-09-17 07:36:25,25,17
1310,2024-09-17 07:36:25,2024-09-17 07:36:25,24,17
1311,2024-09-17 07:36:25,2024-09-17 07:36:25,66,17
1312,2024-09-17 07:36:25,2024-09-17 07:36:25,18,17
1313,2024-09-17 07:36:25,2024-09-17 07:36:25,78,17
1314,2024-09-17 07:36:25,2024-09-17 07:36:25,34,17
1315,2024-09-17 07:36:25,2024-09-17 07:36:25,20,17
1316,2024-09-17 07:36:25,2024-09-17 07:36:25,61,17
1317,2024-09-17 07:36:25,2024-09-17 07:36:25,21,17
1318,2024-09-17 07:36:25,2024-09-17 07:36:25,49,17
1319,2024-09-17 07:36:25,2024-09-17 07:36:25,41,17
1320,2024-09-17 07:36:25,2024-09-17 07:36:25,75,17
1321,2024-09-17 07:36:25,2024-09-17 07:36:25,70,17
1322,2024-09-17 07:36:25,2024-09-17 07:36:25,36,17
1323,2024-09-17 07:36:25,2024-09-17 07:36:25,1,17
1324,2024-09-17 07:36:25,2024-09-17 07:36:25,72,17
1325,2024-09-17 07:36:25,2024-09-17 07:36:25,6,17
1326,2024-09-17 07:36:25,2024-09-17 07:36:25,10,17
1327,2024-09-17 07:36:25,2024-09-17 07:36:25,74,17
1328,2024-09-17 07:36:25,2024-09-17 07:36:25,8,17
1329,2024-09-17 07:36:25,2024-09-17 07:36:25,37,17
1330,2024-09-17 07:36:25,2024-09-17 07:36:25,12,17
1331,2024-09-17 07:36:25,2024-09-17 07:36:25,81,17
1332,2024-09-17 07:36:25,2024-09-17 07:36:25,69,17
1333,2024-09-17 07:36:25,2024-09-17 07:36:25,15,17
1334,2024-09-17 07:36:25,2024-09-17 07:36:25,46,17
1335,2024-09-17 07:36:25,2024-09-17 07:36:25,77,17
1336,2024-09-17 07:36:25,2024-09-17 07:36:25,23,17
1337,2024-09-17 07:36:25,2024-09-17 07:36:25,33,17
1338,2024-09-17 07:36:25,2024-09-17 07:36:25,29,17
1339,2024-09-17 07:36:25,2024-09-17 07:36:25,42,17
1340,2024-09-17 07:36:25,2024-09-17 07:36:25,47,17
1341,2024-09-17 07:36:25,2024-09-17 07:36:25,60,17
1342,2024-09-17 07:36:25,2024-09-17 07:36:25,52,17
1343,2024-11-17 15:34:05,2024-11-17 15:34:05,36,12
1344,2024-11-17 15:34:05,2024-11-17 15:34:05,1,12
1345,2024-11-17 16:02:15,2024-11-17 16:02:15,11,6
1346,2024-11-17 16:02:15,2024-11-17 16:02:15,73,6
1347,2024-11-17 16:02:15,2024-11-17 16:02:15,35,6
1348,2024-11-17 16:02:15,2024-11-17 16:02:15,71,6
1349,2024-11-17 16:02:15,2024-11-17 16:02:15,51,6
1350,2024-11-17 16:02:15,2024-11-17 16:02:15,32,6
1351,2024-11-17 16:02:15,2024-11-17 16:02:15,7,6
1352,2024-11-17 16:02:15,2024-11-17 16:02:15,55,6
1353,2024-11-17 16:02:15,2024-11-17 16:02:15,80,6
1354,2024-11-17 16:02:15,2024-11-17 16:02:15,65,6
1355,2024-11-17 16:02:15,2024-11-17 16:02:15,57,6
1356,2024-11-17 16:02:15,2024-11-17 16:02:15,76,6
1357,2024-11-17 16:02:15,2024-11-17 16:02:15,68,6
1358,2024-11-17 16:02:15,2024-11-17 16:02:15,66,6
1359,2024-11-17 16:02:15,2024-11-17 16:02:15,83,6
1360,2024-11-17 16:02:15,2024-11-17 16:02:15,21,6
1361,2024-11-17 16:02:15,2024-11-17 16:02:15,41,6
1362,2024-11-17 16:02:15,2024-11-17 16:02:15,70,6
1363,2024-11-17 16:02:15,2024-11-17 16:02:15,36,6
1364,2024-11-17 16:02:15,2024-11-17 16:02:15,1,6
1365,2024-11-17 16:02:15,2024-11-17 16:02:15,6,6
1366,2024-11-17 16:02:15,2024-11-17 16:02:15,8,6
1367,2024-11-17 16:02:15,2024-11-17 16:02:15,37,6
1368,2024-11-17 16:02:15,2024-11-17 16:02:15,15,6
1369,2024-11-17 16:02:15,2024-11-17 16:02:15,46,6
1370,2024-11-17 16:02:15,2024-11-17 16:02:15,77,6
1371,2024-11-17 16:02:15,2024-11-17 16:02:15,23,6
1372,2024-11-17 16:02:15,2024-11-17 16:02:15,29,6
1373,2024-11-17 16:02:15,2024-11-17 16:02:15,47,6
1374,2024-11-17 16:02:15,2024-11-17 16:02:15,60,6
1375,2024-11-17 16:02:15,2024-11-17 16:02:15,52,6
